20110109004057,alive
20110224192224,alive
20120525222238,sample_page
20120611001819,alive
20120701052624,alive
20120804023439,alive
20120908083145,alive
20121005080147,alive
20121104024420,alive
20121204002752,alive
20130105014031,alive
20130203033122,alive
20130302013803,alive
20130402183328,alive
20130501010424,alive
20130703110705,alive
20130805052831,alive
20130905050759,alive
20131002143003,alive
20131109133234,alive
20131202174741,alive
20140103153734,alive
20140204024720,alive
20140315001702,alive
20140413025214,alive
20140517063548,alive
20140606204010,alive
20140702231644,alive
20140929142402,alive
20141030050723,alive
20141206071416,alive
20150103065927,alive
20150205230759,alive
20150308024843,alive
20150417212424,alive
20150502221510,alive
20150610040357,alive
20150713054412,alive
20150801071546,alive
20150905052634,alive
20151008041854,alive
20151101085930,alive
20151218145601,alive
20160109091524,alive
20160201110206,alive
20160304220221,alive
20160421134042,alive
20160520122011,alive
20160602145804,alive
20160723130724,alive
20160824084146,alive
20160925073058,alive
20161002011618,alive
20161119080005,alive
20170502113453,alive
20170615232131,alive
20170709023847,alive
20170803052805,alive
20170902211031,alive
20171003170218,alive
20171103174629,alive
20171204234556,alive
20180105064422,alive
20180205160733,alive
20180308032949,alive
20180409080817,alive
20180510050424,alive
20180611130826,alive
20180712204218,alive
20180805035522,alive
20180903132208,alive
20181015110318,alive
20181103005245,alive
20181202232553,alive
20190103231625,alive
20190204142036,alive
20190308111856,alive
20190317203101,alive
20190408123950,alive
20190501024510,alive
20190601171511,alive
20190701171001,alive
20190801170652,alive
20190901171415,alive
20191001092740,alive
20191101133413,alive
20191201120826,alive
20191202123841,alive
20200101125443,alive
20200201032123,alive
20200303032517,alive
