20110202112912,parked&ads
20130601212418,parked&ads
20131222052146,parked&ads
20140517031110,parked&ads
20140829090224,parked&ads
20141216220227,parked&ads
20150801070031,parked&ads
20160110195312,parked
20160630074609,alive
20160702161904,alive
20160803090929,alive
20160907021726,alive
20161001232629,alive
20170522212534,parked
20170916173826,dormant
20171005051424,dormant
20171228111738,alive
20180205165334,alive
20180317231848,alive
20180424024026,alive
20180518104614,alive
20180719194913,alive
20180817112348,alive
20181006235628,alive
20181116043927,alive
20190103224010,alive
20190501024515,alive
20190601170658,alive
20190701170932,alive
20190801171438,alive
20190901170748,alive
20191001031431,alive
20191101031627,alive
20191201031602,alive
20200101031234,alive
20200201032126,alive
20200302040634,alive
