20161121215202,alive
20161201102225,alive
20170228083118,alive
20170507172423,alive
20170601125550,alive
20170702044934,alive
20170803215829,alive
20170904153518,alive
20171003084708,alive
20171112125624,alive
20171203223043,alive
20180101042139,alive
20180201011211,alive
20180311055012,alive
20180402231503,alive
20180501000608,alive
20180602051654,alive
20180702222833,alive
20180806221905,alive
20180901234429,alive
20181002200258,alive
20181106024425,alive
20181201142501,alive
20190105051117,alive
20190201155312,alive
20190202091800,alive
20190304190318,alive
20190401164550,alive
20190501024606,alive
20190601083633,alive
20190601172554,alive
20190701171546,alive
20190801170655,alive
20190901171116,alive
20191001031739,alive
20191101031310,alive
20191201031340,alive
20200101031226,alive
20200201033121,alive
20200301013232,alive
20200408074909,alive
