20160408032100,alive
20160517120836,alive
20160607234400,alive
20160703080102,alive
20160805020550,alive
20160906054401,alive
20161004171504,alive
20161110160235,alive
20180218112639,parked
20180306223434,parked
20180425143649,parked&ads
20180526152804,zombie
20180627030959,zombie
20180729002635,zombie
20180829093228,zombie
20180929233705,zombie
20181031073037,zombie
20181201155527,zombie
20190101234250,zombie
20190202045234,zombie
20190306180908,zombie
20190407155753,zombie
20190501024436,zombie
