20100212220649,alive
20100409065504,alive
20100922201400,alive
20101016010655,alive
20101202142407,alive
20110123081738,alive
20110202084438,alive
20110305021230,alive
20110423203238,alive
20110501040912,alive
20110613053436,alive
20110703063734,alive
20110807184933,alive
20110902043038,alive
20111002191249,alive
20111101014028,alive
20111202060852,alive
20120101212430,alive
20120201122931,alive
20120312094341,alive
20120401142752,alive
20120501143631,alive
20120602234604,alive
20120701214316,alive
20120801053337,alive
20120902004055,alive
20121001013826,alive
20121101095508,alive
20121201091448,alive
20130101120626,alive
20130201140304,alive
20130301060951,alive
20130401073950,alive
20130501061109,alive
20130601065641,alive
20130703002610,alive
20130804235358,alive
20130901145741,alive
20131003104333,alive
20131105090907,alive
20131203025847,alive
20140102014224,alive
20140208134842,alive
20140311182326,alive
20140416001018,alive
20140513000025,alive
20140604064624,alive
20140701201329,alive
20140801153553,alive
20140904104230,alive
20141008003715,alive
20141105035736,alive
20141201221221,alive
20150103195233,alive
20150203145837,alive
20150302151856,alive
20150401033541,alive
20150502151447,alive
20150608214238,alive
20150703131407,alive
20150807111040,alive
20150902002014,alive
20151002065420,alive
20151104062612,alive
20151203223412,alive
20160103111535,alive
20160205011209,alive
20160303143032,alive
20160404123043,alive
20160504202441,alive
20160602155928,alive
20160702050358,alive
20160801134043,alive
20160902003532,alive
20161003030901,alive
20161101091443,alive
20161202061523,alive
20170107042719,alive
20170204182048,alive
20170309170846,alive
20170409215549,alive
20170503054846,alive
20170603103304,alive
20170706070710,alive
20170803135608,alive
20170903164620,alive
20171005160213,alive
20171101185648,alive
20171201104729,alive
20180105140059,alive
20180201054459,alive
20180301044115,alive
20180405144430,alive
20180502035527,alive
20180601050350,alive
20180701054041,alive
20180801142321,alive
20180901155732,alive
20181002092655,alive
20181101022626,alive
20181201032249,alive
20190101041018,alive
20190201202227,alive
20190301124645,alive
20190401113501,alive
20190501024510,alive
20190601173838,alive
20190701154510,alive
20190701171046,alive
20190801172531,alive
20190901015359,alive
20191001031449,alive
20191101031435,alive
20191201032015,alive
20200101031249,alive
20200201153417,alive
20200210073543,alive
