20100515090613,content_dead
20140102124107,alive
20140207233303,alive
20140305122842,alive
20140404151615,alive
20140502170736,alive
20140603114808,alive
20140703023433,alive
20140802104614,alive
20140901021654,alive
20141001081937,alive
20141102102803,alive
20141203052547,alive
20150101190658,alive
20150201162523,alive
20150303131117,alive
20150402180907,alive
20150502223202,alive
20150602163047,alive
20150710013213,alive
20150801185038,alive
20151006020109,alive
20151103010528,alive
20151201220130,alive
20160102010110,alive
20160202170124,alive
20160303210610,alive
20160402100140,alive
20160504214509,alive
20160604141000,alive
20160702105539,alive
20160805105652,alive
20160904110640,alive
20161005134925,alive
20161103185923,alive
20170111135727,alive
20170305210250,alive
20170401045625,alive
20170502185100,alive
20170601102247,alive
20170701015012,alive
20170801081752,alive
20170901192622,alive
20171001114957,alive
20171101113932,alive
20171201061051,alive
20180101025329,alive
20180201004547,alive
20180303140318,alive
20180417230802,alive
20180528043003,alive
20180621191533,alive
20180804183903,alive
20180904191936,alive
20181002204243,alive
20181102114828,alive
20181202185755,alive
20190102064447,alive
20190204175324,alive
20190331021630,alive
20190501024610,alive
20190601170858,alive
20190701170700,alive
20190801171404,alive
20190901170943,alive
20191001031744,alive
20191101032354,alive
20191201031404,alive
20200101031250,alive
20200201032602,alive
20200302041741,alive
