20130822155443,content_dead
20160425162338,alive
20160513185700,alive
20160607035214,alive
20160706092751,alive
20160802020722,alive
20160902171007,alive
20161004012235,alive
20161101141444,alive
20161215173214,alive
20170415093330,alive
20170510032022,alive
20170616224616,alive
20170709072417,alive
20170814074653,alive
20170914063815,alive
20171001013457,alive
20171115172040,alive
20171217154142,alive
20180117231810,alive
20180217163630,alive
20180321224425,alive
20180419132801,alive
20180523012758,alive
20180623132525,alive
20180724083756,alive
20180819063416,alive
20180924034108,alive
20181025092712,alive
20181125080117,alive
20181226150401,alive
20190119085720,alive
20190226201220,alive
20190330203008,alive
20190430183910,alive
20190501024530,alive
20190603171234,alive
20190701115055,alive
20190801021510,alive
20190901171811,alive
20191001031507,alive
20191101031456,alive
20191202031259,alive
20200105181021,alive
20200203042606,alive
20200302045356,alive
