20160123072859,alive
20160203033204,alive
20160305020517,alive
20160405050710,alive
20160506061035,alive
20160608105213,alive
20160709105104,alive
20160809104936,alive
20160910203949,alive
20161003122319,alive
20161111135140,alive
20170106063035,alive
20170429195438,alive
20170523154759,alive
20170602061645,alive
20170703223504,alive
20170902091842,alive
20171023064255,alive
20171123050349,alive
20180307020554,alive
20180527214316,alive
20180728020826,alive
20180805125935,alive
20180930054745,alive
20181130134059,alive
20181225041544,alive
20190212031447,alive
20190501024727,alive
20190601170732,alive
20190701171215,alive
20190819223430,alive
20190920235618,alive
20190929032506,alive
20191001031351,alive
20191101031301,alive
20200113104726,parked
