19990125101610,parked&ads
19990208015145,parked&ads
20030325024238,zombie
20030608202740,zombie
20030726115551,zombie
20030807025553,zombie
20031203202637,zombie
20040602090930,zombie
20040905013354,parked&ads
20041126034139,parked&ads
20050204080035,parked&ads
20050418104424,parked&ads
20080807120556,parked&ads
20110626075401,parked
20110727015040,parked
20110827044604,parked
20110906075130,parked
20120608044429,parked
20120709010052,parked
20120809001347,parked
20120910230255,parked
20121014042609,parked
20121114000451,parked
20121214120616,parked
20130115081435,parked
20130215082827,parked
20130318011948,parked
20131101102910,content_dead
20140208174519,content_dead
20140517235350,content_dead
20140713121808,content_dead
20140815172109,content_dead
20141221225329,content_dead
20151123220016,content_dead
20151224161858,content_dead
20160209215112,content_dead
20160302050522,content_dead
20160402111844,content_dead
20160503101445,content_dead
20160604082443,content_dead
20160707120233,content_dead
20160807022106,content_dead
20160907192303,content_dead
20161008192302,content_dead
20161108210202,content_dead
20161202201114,content_dead
20170130165242,content_dead
20170428123243,content_dead
20170709041741,content_dead
20170818122621,content_dead
20170918172104,content_dead
20171009195158,content_dead
20171120013254,content_dead
20171220225114,content_dead
20180120155934,content_dead
20180220142815,content_dead
20180324035825,content_dead
20180424183532,content_dead
20180511132719,content_dead
20180721131451,content_dead
20180820211710,content_dead
20180921031814,content_dead
20181022171115,content_dead
20181123123501,content_dead
20181224042555,content_dead
20190102214658,sample_page
20190224062527,content_dead
20190327030022,content_dead
20190426224145,content_dead
20190527161326,content_dead
20190629042341,content_dead
20190729214110,content_dead
20190829225258,content_dead
20190930061523,content_dead
