20150215083516,dormant
20150318121159,dormant
20150502215526,dead
20150906172312,dead
20151012162623,alive
20151120052437,alive
20151227190956,zombie
20160301071830,dead
20160406011630,alive
20160501192023,alive
20160602011436,alive
20160702035721,alive
20160802084655,alive
20160901085359,alive
20161002013548,alive
20161101043627,alive
20161201214017,alive
20170102175748,alive
20170307100433,alive
20170401235729,alive
20170501134439,alive
20170601034411,alive
20170703175558,alive
20170816022341,alive
20170909062318,alive
20171008015121,alive
20171114034939,alive
20171202030525,alive
20180620044338,sample_page
20180727234609,sample_page
20180821094319,sample_page
20180922181447,sample_page
20181023193911,sample_page
20181125013705,sample_page
20181201235450,sample_page
20190103103224,sample_page
20190203185635,sample_page
20190902221838,parked&ads
20200120053915,alive
20200201192713,alive
20200408072054,alive
