20150903235820,alive
20151001055743,alive
20151107182154,alive
20151204013210,alive
20160111020425,alive
20160217141652,alive
20160312101131,alive
20160412220507,alive
20160505003150,alive
20160608021538,alive
20160709104840,alive
20160807175911,alive
20160903062443,alive
20161006215907,alive
20161112051112,alive
20170427020601,alive
20170511000014,alive
20170602061652,alive
20170708140010,alive
20170813160012,alive
20170904132631,alive
20171001085533,alive
20171123112926,alive
20171211193215,alive
20180104035655,alive
20180228054737,alive
20180301174707,alive
20180410155420,alive
20180511220153,alive
20190915232532,parked
