20090619154509,zombie
20090831133757,zombie
20120422193220,alive
20120712111016,alive
20130122191432,alive
20130502213008,alive
20130625055133,alive
20131228183042,alive
20141110183425,alive
20141201062012,alive
20150101003259,alive
20150202044404,alive
20150301125332,alive
20150401161835,alive
20150505054825,alive
20150601054217,alive
20150702112641,alive
20150801221511,alive
20150901092504,alive
20151001032606,alive
20151101014555,alive
20151201004703,alive
20160101031348,alive
20160201134156,alive
20160301002942,alive
20160401021500,alive
20160501003524,alive
20160601132828,alive
20160701002035,alive
20160801001404,alive
20160901070058,alive
20161001005452,alive
20161101041159,alive
20161201015724,alive
20170101011921,alive
20170201003416,alive
20170301110406,alive
20170401005338,alive
20170501063346,alive
20170601060258,alive
20170701000039,alive
20170801000654,alive
20170901001641,alive
20171001002002,alive
20171101111110,alive
20171201031549,alive
20180101041009,alive
20180201020031,alive
20180301014938,alive
20180401000621,alive
20180501014109,alive
20180601021627,alive
20180701000104,alive
20180801004759,alive
20180901022339,alive
20181001013706,alive
20181101072710,alive
20181201114723,alive
20190101073314,alive
20190201042844,alive
20190301135905,alive
20190401035121,alive
20190501024826,alive
20190601001227,alive
20190701064841,alive
20190801025419,alive
20190901014524,alive
20191001031521,alive
20191101023440,alive
20191201023348,alive
20200101023401,alive
20200201032805,alive
20200202010649,alive
20200301041308,alive
20200301060405,alive
20200401040630,alive
