20160420155448,alive
20160502085143,alive
20160623004619,alive
20160718005525,alive
20160802085246,alive
20160911073739,alive
20161007042019,alive
20161101065725,alive
20161226133608,alive
20170110161401,alive
20170203000828,alive
20170301040741,alive
20170402002019,alive
20170501205047,alive
20170601220554,alive
20170701193055,alive
20170801182449,alive
20170901121043,alive
20171007013158,alive
20171116231224,alive
20171202024817,alive
20180111042913,alive
20180202042711,alive
20180301031840,alive
20180404211745,alive
20180501045931,alive
20180602031756,alive
20180703064241,alive
20180801183834,alive
20180905205833,alive
20181004172437,alive
20181108114924,alive
20181205170702,alive
20190105142814,alive
20190202224841,alive
20190322124150,alive
20190428154018,alive
20190501024448,alive
20190716170822,alive
20190908061800,alive
20191003032511,alive
20191111031320,alive
20191205032118,alive
20200117063219,alive
