20150912074945,alive
20151002021228,alive
20151101131716,alive
20151203231432,alive
20160108000800,alive
20160201174240,alive
20160309141346,alive
20160408141728,alive
20160504205021,alive
20160601231400,alive
20160703025411,alive
20160901064824,alive
20161005005431,alive
20161113040804,alive
20170108103546,alive
20170423002032,alive
20170608040142,parked&ads
20170710045437,parked&ads
20170809202123,parked&ads
20170904082638,parked
20180326004326,parked&ads
20180529152912,parked&ads
20180613190319,parked&ads
20180713194320,parked&ads
20180805160437,parked&ads
20181110030151,parked&ads
20190522205404,parked&ads
