20150926005813,alive
20151025182130,alive
20151126053753,alive
20151226174241,alive
20160126142315,alive
20160219092715,alive
20160321163943,alive
20160505162001,alive
20160605204146,alive
20160707044133,alive
20160807172452,alive
20160908173420,alive
20161010012953,alive
20161110111155,alive
20161217095957,alive
20170113104108,alive
20170603221707,alive
20170714201545,alive
20170903124208,alive
20171015083731,alive
20171228220042,alive
20180224102845,alive
20180808122002,alive
20181029090403,alive
20190129093227,alive
20190501024412,alive
20190601183517,alive
20190701170747,alive
20190801171013,alive
20190901170916,alive
