20150215070007,alive
20150306163341,alive
20150530013751,alive
20150722100710,alive
20150812094742,alive
20150913031653,alive
20151025163001,alive
20151105063117,alive
20160112054335,alive
20160310202508,alive
20160421032922,alive
20160722131008,alive
20161008055409,alive
20161130102257,alive
20161201225227,alive
20170119113447,alive
20170201112920,alive
20170301112510,alive
20170401090153,alive
20170501102131,alive
20170601090425,alive
20170701124619,alive
20170801095900,alive
20170901114509,alive
20171001122650,alive
20171101103821,alive
20171201111740,alive
20180101152851,alive
20180201060046,alive
20180301110715,alive
20180418001639,alive
20180529152938,alive
20180613190436,alive
20180713190935,alive
20180801215542,alive
20190103140126,alive
20190312041617,alive
20190419015240,sample_page
20190501024434,sample_page
20190614170746,sample_page
20190701171708,alive
20190801170817,alive
20190901171054,alive
20191001031305,alive
20191101031412,alive
20191201031245,alive
20200101031332,alive
20200201032934,alive
20200302085604,alive
