20110209080335,parked
20161215075029,alive
20170315064605,alive
20170503075020,alive
20170601013638,alive
20170701030433,alive
20171228184440,parked
20180118042526,parked
20180301014906,content_dead
20180423212805,content_dead
20180525060839,content_dead
20180625215448,content_dead
20180727035129,content_dead
20180827004131,content_dead
20180927134011,content_dead
20181028141959,content_dead
20181111005429,content_dead
20181228212858,content_dead
20190128180929,content_dead
20190301033011,content_dead
