20160404043640,alive
20160520084715,alive
20160618211415,alive
20160719101319,alive
20160814100026,alive
20160904231928,alive
20161004151546,alive
20161103201844,alive
20161202033633,alive
20170126033700,alive
20170209080204,alive
20170426043511,alive
20170504223119,alive
20170823000812,alive
20170913161813,alive
20171113003300,alive
20171204100326,alive
20180104080823,alive
20180204143700,alive
20180330070704,alive
20180403141331,parked
20180802145452,parked&ads
20190125184121,parked&ads
20190506204053,parked
20190606081815,parked
20190608090201,parked
20190701113622,parked
20190807211919,parked
20190907164539,parked
