20160108215745,alive
20160306143618,alive
20160402162638,alive
20160507044450,alive
20160608122616,alive
20160712055524,alive
20160805111755,alive
20160909051635,alive
20161006183835,alive
20161116193305,alive
20161222200405,alive
20170205074756,alive
20170428042335,alive
20170503231642,alive
20170601010657,alive
20170701023354,alive
20170804101410,alive
20170901113212,alive
20171006003804,alive
20171101134219,alive
20180529153013,content_dead
20180613190552,dead
20180713192616,dead
20180908152234,dead
20190107093527,dead
20190322124142,dead
20190502234148,dead
20190905072655,dead
