20160527221303,alive
20160609212150,alive
20160723063852,alive
20160819045809,alive
20160905173243,alive
20161002155831,alive
20161107051608,alive
20161204121544,alive
20170107042932,alive
20170201225218,alive
20170409215519,alive
20170508152236,alive
20170603135436,alive
20170704143430,alive
20170804230527,alive
20170904145943,alive
20171005193149,alive
20180112184354,alive
20180224143541,alive
20180408033953,alive
20180622003224,alive
20180708033916,alive
20180809062231,alive
20180909234339,alive
20190103082356,alive
20190202075048,alive
20190306192357,alive
20190404095055,alive
20190501024415,alive
20190705171308,alive
20191023031235,alive
20191127031445,alive
20191204031510,alive
20200124074722,alive
