20160902073809,alive
20161005233053,alive
20161202005052,alive
20170416182317,alive
20170507214244,alive
20170619165928,alive
20170730132808,alive
20170830104338,alive
20170930130040,alive
20171001153757,alive
20171104171648,alive
20171206152822,alive
20180105020749,alive
20180721114331,parked&ads
20180907210848,content_dead
20181012155811,content_dead
20181117222041,content_dead
20181219204657,content_dead
20190223002103,content_dead
20190330064523,content_dead
20190508195455,content_dead
20190613034852,content_dead
20190718060039,content_dead
20190803100358,content_dead
20190905094943,content_dead
