19970529195128,sample_page
19991005070413,zombie
19991113172318,zombie
20000510071135,zombie
20001205112600,zombie
20010402024002,zombie
20010510015436,alive
20020124094906,alive
20020326223220,alive
20020523024800,alive
20020602154535,alive
20020719103731,alive
20020925211932,alive
20021008123602,alive
20021121114204,alive
20030124083612,alive
20030205230836,alive
20030327142254,alive
20030406192310,alive
20030524060443,alive
20030730092921,alive
20030806090750,alive
20030926161133,alive
20031001083847,alive
20031202031705,alive
20040113045004,alive
20040208172001,alive
20040413180942,alive
20040604185446,alive
20040707074534,zombie
20040804075147,alive
20040902010000,alive
20041017003220,alive
20041104024720,alive
20041204084938,alive
20050101030319,alive
20050201000748,alive
20050301094329,alive
20050403171852,alive
20050510010159,alive
20050601025901,alive
20050701082921,alive
20050802100935,alive
20050901072204,alive
20051004075938,alive
20051101101247,alive
20051201061620,alive
20060103041050,alive
20060203042409,alive
20060315155703,alive
20060402210636,alive
20060615194808,alive
20060701045326,alive
20060804162750,alive
20060901172321,alive
20061004005048,alive
20061105180807,alive
20061202053735,alive
20070103041034,alive
20070202170808,alive
20070301083825,alive
20070405173955,alive
20070509063533,alive
20070608013154,alive
20070702125936,alive
20070812203027,alive
20070918061544,alive
20071001215919,alive
20071101041141,alive
20071215093018,alive
20080206165323,alive
20080305080535,alive
20080509093824,alive
20080604182923,alive
20080819202413,alive
20080913132705,alive
20081003033737,alive
20081102035759,alive
20081204033740,alive
20090106132012,alive
20090203172017,alive
20090307060515,alive
20090405235803,alive
20090503140258,alive
20090605114651,alive
20090705110311,alive
20090803210929,alive
20090906005700,alive
20091005214718,alive
20091101154919,alive
20091204005732,alive
20100102003029,alive
20100204110519,alive
20100301055932,alive
20100405005323,alive
20100504125711,alive
20100607102841,alive
20100706080341,alive
20100809023515,alive
20100901190928,alive
20101002012125,alive
20101105155624,alive
20101201112842,alive
20110107112347,alive
20110201142713,alive
20110302183114,alive
20110402235552,alive
20110506034701,alive
20110602020811,alive
20110704213426,alive
20110805002047,alive
20110901202906,alive
20111007011940,alive
20111105122331,alive
20111202140123,alive
20120103092920,alive
20120206081623,alive
20120303163936,alive
20120404142255,alive
20120501004836,alive
20120602092316,alive
20120703045633,alive
20120804054311,alive
20120905211146,alive
20121005023142,alive
20121102035015,alive
20121205151443,alive
20130102021337,alive
20130206042256,alive
20130302051341,alive
20130402103346,alive
20130506095612,alive
20130628021244,alive
20130706190444,alive
20130801084208,alive
20130906162022,alive
20131002190109,alive
20131102202502,alive
20131202192900,alive
20140103072635,alive
20140204003252,alive
20140307154432,alive
20140405073819,alive
20140505225652,alive
20140616022123,alive
20140707114829,alive
20140805124607,alive
20140903222836,alive
20141005115706,alive
20141102073036,alive
20141203121206,alive
20150101123511,alive
20150201144740,alive
20150302065825,alive
20150411060441,alive
20150507195447,alive
20150607035147,alive
20150701030833,alive
20150812015800,alive
20150903015626,alive
20151002032959,alive
20151101203239,alive
20151205052447,alive
20160103050727,alive
20160204180601,alive
20160302054903,alive
20160407143827,alive
20160504181531,alive
20160604061943,alive
20160708181856,alive
20160801092745,alive
20160902012829,alive
20161003201043,alive
20161101214136,alive
20161222062704,alive
20170110075957,alive
20170202081922,alive
20170306101844,alive
20170408095601,alive
20170514052226,alive
20170603210412,alive
20170704191233,alive
20170806061531,alive
20170905081623,alive
20171009062818,alive
20171113132246,alive
20171203090249,alive
20180112213400,alive
20180202132537,alive
20180301170525,alive
20180401061815,alive
20180503163030,alive
20180603041011,alive
20180703092037,alive
20180804010435,alive
20180903201758,alive
20181001182406,alive
20181101115119,alive
20181201113259,alive
20190102143402,alive
20190203233505,alive
20190204102220,alive
20190307041719,alive
20190314143120,alive
20190402145502,alive
20190501024411,alive
20190601170828,alive
20190701170752,alive
20190801070937,alive
20190901011503,alive
20191001031221,alive
20191101031428,alive
20191201031354,alive
20191202031310,alive
20200101031908,alive
20200102025653,alive
20200201223125,alive
20200204101131,alive
20200302052552,alive
20200303235623,alive
20200402095059,alive
20200403100554,alive
