20170119042051,alive
20170514205610,alive
20170614233706,alive
20171119034208,alive
20180105053415,parked&ads
20180425011458,content_dead
20180626072110,content_dead
20180727055423,content_dead
20180827211047,content_dead
20180928021249,content_dead
20181030055943,content_dead
20181130043939,content_dead
20181230144944,content_dead
20190130092042,content_dead
20190301221420,content_dead
20190402025219,content_dead
20190503104032,content_dead
20190604112022,content_dead
20190705122038,content_dead
20190806041007,content_dead
